{
  "ALJ": {
    "energies": [
      [
        0.6611335453763112,
        0
      ],
      [
        -1.781930575166152,
        -0.041643191118671805
      ],
      [
        -5.35167507608467e-05,
        -8.695546850996762e-08
      ],
      [
        236.71142578125,
        -0.29260432720184326
      ]
    ],
    "forces": [
      [
        [
          0,
          0,
          -42.312546904083916
        ],
        [
          0,
          0,
          0
        ]
      ],
      [
        [
          0,
          0,
          15.837524722936884
        ],
        [
          0,
          0,
          0.5189599220111802
        ]
      ],
      [
        [
          3.2070003135022606e-07,
          0.0005416024791772764,
          0.0016612635146221921
        ],
        [
          5.910391831148625e-13,
          1.4844077477085242e-09,
          9.419144898178469e-07
        ]
      ],
      [
        [
          0,
          0,
          -2.9306401057949327
        ],
        [
          0,
          0,
          1.2614730172656892
        ]
      ]
    ],
    "params": {
      "params": [
        {
          "alpha": 0,
          "average_simplices": true,
          "contact_ratio_i": 0.15,
          "contact_ratio_j": 0.2,
          "epsilon": 1,
          "sigma_i": 0.5,
          "sigma_j": 1
        },
        {
          "alpha": 1,
          "average_simplices": true,
          "contact_ratio_i": 0.15,
          "contact_ratio_j": 0.15,
          "epsilon": 4,
          "sigma_i": 0.5,
          "sigma_j": 0.75
        },
        {
          "alpha": 2,
          "average_simplices": true,
          "contact_ratio_i": 0.3,
          "contact_ratio_j": 0.01,
          "epsilon": 1.5,
          "sigma_i": 0.25,
          "sigma_j": 0.4
        },
        {
          "alpha": 3,
          "average_simplices": true,
          "contact_ratio_i": 0,
          "contact_ratio_j": 0,
          "epsilon": 1,
          "sigma_i": 1,
          "sigma_j": 1.25
        }
      ],
      "shape": [
        {
          "faces": [
            [
              5,
              3,
              1
            ],
            [
              0,
              3,
              5
            ],
            [
              1,
              3,
              4
            ],
            [
              4,
              3,
              0
            ],
            [
              5,
              2,
              0
            ],
            [
              1,
              2,
              5
            ],
            [
              0,
              2,
              4
            ],
            [
              4,
              2,
              1
            ]
          ],
          "rounding_radii": [
            0.2,
            0.2,
            0.2
          ],
          "vertices": [
            [
              0.3,
              0,
              0
            ],
            [
              -0.3,
              0,
              0
            ],
            [
              0,
              0.3,
              0
            ],
            [
              0,
              -0.3,
              0
            ],
            [
              0,
              0,
              0.3
            ],
            [
              0,
              0,
              -0.3
            ]
          ]
        },
        {
          "faces": [
            [
              4,
              3,
              2,
              1
            ],
            [
              0,
              1,
              2,
              6
            ],
            [
              2,
              3,
              5,
              6
            ],
            [
              7,
              4,
              1,
              0
            ],
            [
              6,
              5,
              7,
              0
            ],
            [
              3,
              4,
              7,
              5
            ]
          ],
          "rounding_radii": [
            0.1,
            0.1,
            0.1
          ],
          "vertices": [
            [
              0.17320508075688773,
              -0.17320508075688773,
              -0.17320508075688773
            ],
            [
              0.17320508075688773,
              0.17320508075688773,
              -0.17320508075688773
            ],
            [
              0.17320508075688773,
              0.17320508075688773,
              0.17320508075688773
            ],
            [
              -0.17320508075688773,
              0.17320508075688773,
              0.17320508075688773
            ],
            [
              -0.17320508075688773,
              0.17320508075688773,
              -0.17320508075688773
            ],
            [
              -0.17320508075688773,
              -0.17320508075688773,
              0.17320508075688773
            ],
            [
              0.17320508075688773,
              -0.17320508075688773,
              0.17320508075688773
            ],
            [
              -0.17320508075688773,
              -0.17320508075688773,
              -0.17320508075688773
            ]
          ]
        },
        {
          "faces": [
            [
              0,
              1,
              3
            ],
            [
              2,
              1,
              0
            ],
            [
              1,
              2,
              3
            ],
            [
              3,
              2,
              0
            ]
          ],
          "rounding_radii": [
            0.1,
            0.2,
            0.3
          ],
          "vertices": [
            [
              0.14433756729740646,
              0,
              0.20412414523193154
            ],
            [
              -0.14433756729740646,
              0,
              0.20412414523193154
            ],
            [
              0,
              0.14433756729740646,
              -0.20412414523193154
            ],
            [
              0,
              -0.14433756729740646,
              -0.20412414523193154
            ]
          ]
        },
        {
          "faces": [
            [
              0,
              1,
              3
            ],
            [
              2,
              1,
              0
            ],
            [
              1,
              2,
              3
            ],
            [
              3,
              2,
              0
            ]
          ],
          "rounding_radii": [
            0,
            0.2,
            0.3
          ],
          "vertices": [
            [
              0.14433756729740646,
              0,
              0.20412414523193154
            ],
            [
              -0.14433756729740646,
              0,
              0.20412414523193154
            ],
            [
              0,
              0.14433756729740646,
              -0.20412414523193154
            ],
            [
              0,
              -0.14433756729740646,
              -0.20412414523193154
            ]
          ]
        }
      ]
    },