{
  "GayBerne": {
    "params": {
      "params": [
        {
          "epsilon": 1,
          "lperp": 1,
          "lpar": 2
        },
        {
          "epsilon": 2,
          "lperp": 0.5,
          "lpar": 0.75
        },
        {
          "epsilon": 5,
          "lperp": 2,
          "lpar": 2.5
        }
      ]
    },
    "forces": [
      [
        [
          0,
          1221460676.716697,
          915079158.1200252
        ],
        [
          0,
          0,
          1610416188.3561444
        ]
      ],
      [
        [
          0,
          -1592677.8308724759,
          -4922455.525436625
        ],
        [
          0,
          0,
          -47.99999976264852
        ]
      ],
      [
        [
          0,
          -2.1782725770702066e+21,
          -3.5064702641472757e+21
        ],
        [
          0,
          0,
          -32985285538596.062
        ]
      ]
    ],
    "energies": [
      [
        19908127.50813248,
        33546241.160629686
      ],
      [
        88735.50307186785,
        -6.246091634148804e-9
      ],
      [
        17627960574534240000,
        687192138609.9309
      ]
    ],
    "torques": [
      [
        [
          [
            -513342888.11744666,
            0,
            0
          ],
          [
            -402752619.420076,
            0,
            0
          ]
        ],
        [
          [
            0,
            0,
            0
          ],
          [
            0,
            0,
            0
          ]
        ]
      ],
      [
        [
          [
            431143.41151051404,
            0,
            0
          ],
          [
            763364.961643843,
            0,
            0
          ]
        ],
        [
          [
            0,
            0,
            0
          ],
          [
            0,
            0,
            0
          ]
        ]
      ],
      [
        [
          [
            343041602761218060000,
            0,
            0
          ],
          [
            1.2906628300414368e+21,
            0,
            0
          ]
        ],
        [
          [
            0,
            0,
            0
          ],
          [
            0,
            0,
            0
          ]
        ]
      ]
    ]
  },
  "Dipole": {
    "params": {
      "mu": [
        [
          1,
          0,
          0
        ],
        [
          2,
          0,
          0
        ],
        [
          5,
          0,
          0
        ]
      ],
      "params": [
        {
          "A": 0.1,
          "kappa": 0.1
        },
        {
          "A": 0.5,
          "kappa": 0.5
        },
        {
          "A": 2,
          "kappa": 2
        }
      ]
    },
    "forces": [
      [
        [
          2.2592501480733773e-9,
          0,
          -1.0789313044673172
        ],
        [
          0.025482150201903333,
          -0.025502450464866547,
          -0.04403438857084289
        ]
      ],
      [
        [
          1.6736936725436635e-8,
          0,
          -15.502191359875054
        ],
        [
          0.13984900543500292,
          -0.1399604156403027,
          -0.184255377025772
        ]
      ],
      [
        [
          5.4336878996252835e-8,
          0,
          -160.6537136767631
        ],
        [
          0.14739976728597262,
          -0.14751719277844139,
          -0.17937013398044577
        ]
      ]
    ],
    "energies": [
      [
        0.1718043481904773,
        0.028700420060254823
      ],
      [
        1.8582265518460621,
        0.07883921342657793
      ],
      [
        13.520034753151549,
        0.03348505971819215
      ]
    ],
    "torques": [
      [
        [
          [
            0,
            0.16493217534729826,
            0
          ],
          [
            0,
            -0.16493217365286067,
            0
          ]
        ],
        [
          [
            0,
            0.03825368784111368,
            -0.025502450464866547
          ],
          [
            0.038253675697299816,
            -0.000030462538258680463,
            0.025502450464866547
          ]
        ]
      ],
      [
        [
          [
            0,
            1.221847606739506,
            0
          ],
          [
            0,
            -1.2218475941868037,
            0
          ]
        ],
        [
          [
            0,
            0.20994069010711763,
            -0.2799208312806054
          ],
          [
            0.20994062346045406,
            -0.00016718195461323297,
            0.2799208312806054
          ]
        ]
      ],
      [
        [
          [
            0,
            3.9667584026387517,
            0
          ],
          [
            0,
            -3.9667583618860927,
            0
          ]
        ],
        [
          [
            0,
            0.22127585941272865,
            -0.7375859638922069
          ],
          [
            0.22127578916766205,
            -0.00017620848376971555,
            0.7375859638922069
          ]
        ]
      ]
    ]
  },
  "ALJ": {
    "params": {
      "params": [
        {
          "sigma_i": 0.5,
          "sigma_j": 1,
          "epsilon": 1,
          "alpha": 0,
          "contact_ratio_i": 0.15,
          "contact_ratio_j": 0.2
        },
        {
          "sigma_i": 0.5,
          "sigma_j": 0.75,
          "epsilon": 4,
          "alpha": 1
        },
        {
          "sigma_i": 0.25,
          "sigma_j": 0.4,
          "epsilon": 1.5,
          "alpha": 2,
          "contact_ratio_i": 0.3,
          "contact_ratio_j": 0.01
        },
        {
          "sigma_i": 1,
          "sigma_j": 1.25,
          "epsilon": 1,
          "alpha": 3,
          "contact_ratio_i": 0,
          "contact_ratio_j": 0
        }
      ],
      "shape": [
        {
          "vertices": [
            [
              0.25,
              0,
              0
            ],
            [
              -0.25,
              0,
              0
            ],
            [
              0,
              0.25,
              0
            ],
            [
              0,
              -0.25,
              0
            ],
            [
              0,
              0,
              0.25
            ],
            [
              0,
              0,
              -0.25
            ]
          ],
          "faces": [
            [
              5,
              3,
              1
            ],
            [
              0,
              3,
              5
            ],
            [
              1,
              3,
              4
            ],
            [
              4,
              3,
              0
            ],
            [
              5,
              2,
              0
            ],
            [
              1,
              2,
              5
            ],
            [
              0,
              2,
              4
            ],
            [
              4,
              2,
              1
            ]
          ],
          "rounding_radii": 0.2
        },
        {
          "vertices": [
            [
              0.275,
              -0.275,
              -0.275
            ],
            [
              0.275,
              0.275,
              -0.275
            ],
            [
              0.275,
              0.275,
              0.275
            ],
            [
              -0.275,
              0.275,
              0.275
            ],
            [
              -0.275,
              0.275,
              -0.275
            ],
            [
              -0.275,
              -0.275,
              0.275
            ],
            [
              0.275,
              -0.275,
              0.275
            ],
            [
              -0.275,
              -0.275,
              -0.275
            ]
          ],